id	successful	dissovet	speciality	title	supervisor
480608	True	04.19.00	2.3.4	Метод и модели управления индивидуальными туристическими маршрутами на основе глубоких нейронных сетей	Смирнов Александр Викторович
243678	True	02.18.00	05.13.17	Исследование и разработка алгоритмов рекомендательных систем на основе информационных моделей динамики пользовательского опыта в сетях предоставления услуг	Бухановский Александр Валерьевич
49079551	True	09.22.00	2.7.1	Разработка технологии пробиотического мороженого без сахарозы	Бараненко Денис Александрович
476014	True	02.18.00	05.13.19	Модели, алгоритмы и методика проектирования защищенных от киберфизических атак систем физической безопасности на основе микроконтроллеров	Котенко Игорь Витальевич
1035146	True	04.22.00	2.3.8	Методы и алгоритмы аудиовизуального распознавания эмоционального состояния типично и атипично развивающихся детей	Махныткина Олеся Владимировна
49162378	True	03.22.00	2.3.1	Настройка параметров регуляторов для нелинейных непрерывных систем на основе алгоритмов оптимизации	Дударенко Наталия Александровна
904041	True	03.22.00	2.3.1	Управление по выходу параметрически неопределенным линейным объектом с неучтенной динамикой и возмущающими воздействиями	Борисов Олег Игоревич
229766	True	08.19.00	01.04.14	Фундаментальное уравнение состояния хладагента r1234yf в рамках масштабной теории критической точки	Рыков Владимир Алексеевич
18759617	True	04.22.00	2.3.8	Модели и алгоритмы вычислительных процессов для решения трудных вариантов проблемы булевой выполнимости	Семёнов Александр Анатольевич
125947	True	05.19.00	01.04.05	Нелинейные топологические эффекты в полупроводниковых оптических микрорезонаторах	Тиходеев Сергей Григорьевич
14075899	True	08.22.00	1.3.14	Исследование теплофизических свойств металлокерамических спеченных фрикционных материалов на основе меди	Баранов Игорь Владимирович
917124	True	07.22.00	1.3.11	Синтез непланарных наногетероструктур на основе iii-n полупроводниковых материалов на кремнии методом молекулярно-пучковой эпитаксии и их свойства	Цырлин Георгий Эрнстович
962532	True	05.22.00	1.3.6	Нанокомпозит на основе сульфида мышьяка в пористом стекле: фотоиндуцированные эффекты и влияние наночастиц золота	Бурункова Юлия Эдуардовна
1026696	True	05.22.00	1.3.6	Оптические наноантенны для эффективного возбуждения и поглощения электромагнитных волн	Богданов Андрей Андреевич
747006	True	09.22.00	2.7.1	Разработка технологии напитка на основе голозерного овса, обогащенного бета-каротином, инкапсулированным в бета-глюкановую матрицу	Баракова Надежда Васильевна
10311106	True	15.24.00	1.3.6	Высококонтрастные перестраиваемые фотонные структуры на основе материалов с фазовой памятью ge2sb2te5	Рыбин Михаил Валерьевич
149844	True	06.19.00	05.11.07	Оптико-электронные методы и средства комплексной оценки распределения яркости в условиях городской среды	Прокопенко Виктор Трофимович
14074408	True	16.24.00	1.3.4	Субволновые объемные резонаторы для перераспределения радиочастотного поля в высокопольной магнитно-резонансной томографии	Щелокова Алёна Вадимовна
129212	True	09.19.00	05.18.07	Технология пшеничного кваса с использованием комбинации дрожжей и молочнокислых бактерий	Баланов Петр Евгеньевич
1016833	True	05.22.00	1.3.6	Оптические вихри в циркулярных оптических волокнах с изгибными регулярными и вихревыми акустическими модами	Яворский Максим Александрович
1012386	True	06.22.00	2.2.6	Разработка и исследование планапохроматических компактных двухканальных оптических систем с регистрацией изображения для медицинских исследований	Цыганок Елена Анатольевна
454785	True	05.19.00	1.3.6	Оптические силы в поле эванесцентных волн на границе раздела сред	Шалин Александр Сергеевич
460640	True	05.19.00	1.3.6	Исследование оптических и плазмонных свойств гибридных структур на основе углеродных пленок и металлических наночастиц	Коншина Елена Анатольевна
739188	True	05.22.00	1.3.6	Взаимодействие лазерного излучения с гибкими металл-органическими каркасами: структурная модификация и нелинейно оптический отклик	Миличко Валентин Андреевич
125458	True	05.19.00	01.04.05	Метафотоника на основе резонансных диэлектрических структур	Гиппиус Николай Алексеевич
178787	True	09.19.00	05.18.07	Применение ультрадисперсных гумато- сапропелевых суспензий в технологии  этилового спирта из ячменя	Баракова Надежда Васильевна
239014	True	06.19.00	05.11.01	Влияние поляризационных преобразований на сдвиг фазы саньяка в волоконно-оптическом гироскопе	Аксарин Станислав Михайлович
231152	True	08.19.00	05.04.03	Повышение эффективности испарителей холодильных машин с внутриканальным кипением хладагентов	Малышев Александр Александрович
10314339	True	09.22.00	2.7.1	Научно-практические подходы получения производственных штаммов дрожжей saccharomyces	Меледина Татьяна Викторовна
606884	True	08.19.00	05.04.03	Выбор и обоснование технологии охлаждения многоместной кабины для общего криотерапевтического воздействия	Баранов Александр Юрьевич
1026466	True	09.22.00	2.7.1	Разработка технологии синбиотического безалкогольного напитка, обогащенного инулином из корня подсолнечника	Баланов Петр Евгеньевич
238955	True	07.19.00	05.27.03	Полупроводниковые гетероструктуры a3b5, полученные методами молекулярно-пучковой эпитаксии и спекания, и лазеры спектрального диапазона 1300 – 1550 нм на их основе	Егоров Антон Юрьевич
126766	True	07.19.00	05.27.03	Геометрические параметры лазерных диодов с пассивной синхронизацией мод спектрального диапазона 1530-1565 нм	Одноблюдов Максим Анатольевич
1018467	True	05.22.00	1.3.6	Влияние фазовых и поляризационных флуктуаций излучения и параметров оптических компонентов на скорость квантового распределения ключей на непрерывных переменных по оптическому волокну	Егоров Владимир Ильич
738757	True	05.22.00	1.3.6	Управление мощностью лазерного излучения на основе анализа ик-сигнала, сопровождающего лазерное разрушение биотканей	Беликов Андрей Вячеславович
357678	True	02.18.00	05.13.19	Метод и алгоритмы детектирования атак и защиты сетей класса «издатель-подписчик» на основе машинного обучения и инъекции метаданных в сообщения	Гришенцев Алексей Юрьевич
742994	True	05.22.00	1.3.6	Особенности определения характеристик имитаторов роговицы глаза на основе кварцевых сфер и реальных биологических тканей желудка человека с помощью излучения в терагерцовом диапазоне частот	Балбекин Николай Сергеевич
231348	True	09.19.00	05.18.07	Разработка биотехнологии фитазы с использованием штамма aspergillus niger	Шарова Наталья Юрьевна
702176	True	03.22.00	2.3.1	Траекторное управление при неполной информации о параметрах и переменных состояния нелинейной модели движения мобильного робота	Пыркин Антон Александрович
1030046	True	14.22.00	2.3.6	Методы постквантовой криптографии, использующие обобщенные  (l, g)-коды	Беззатеев Сергей Валентинович
125762	True	07.19.00	05.27.03	Импульсно-периодический nd:yag лазер с  длиной волны излучения 946 нм	Викторов Евгений Анатольевич
1035098	True	11.22.00	2.2.8	Методы и алгоритмы распознавания и классификации поверхностных дефектов листового проката на основе машинного обучения	Шаветов Сергей Васильевич
1025147	True	05.22.00	1.3.6	Аналого-цифровое фотограмметрическое преобразование изображений голограмм отражательного типа	Петров Николай Владимирович
701428	True	08.22.00	1.3.14	Исследование процессов молекулярного переноса импульса, тепловой энергии и массы в жидких питательных средах биотехнологических производств	Баранов Игорь Владимирович
233319	True	02.18.00	05.13.17	Генерация наборов данных для задачи классификации с заданными свойствами для повышения качества систем мета-обучения	Фильченков Андрей Александрович
480650	True	04.19.00	2.3.5	Методы восстановления параметров сцены для решения проблемы реалистичной визуализации в системах смешанной реальности	Жданов Дмитрий Дмитриевич
14076039	True	09.22.00	2.7.1	Разработка синбиотического функционального ингредиента для пищевых продуктов с использованием экзополисахаридов	Бараненко Денис Александрович
127365	True	06.19.00	05.11.07	Стокс-поляриметр на основе двухлучевой схемы для решения задач инструментальной астрономии	Валявин Геннадий Геннадьевич
18760808	True	09.22.00	4.3.3	Совершенствование процесса и аппарата ультразвукового гидролиза кератинсодержащего сырья с использованием его в кормовых продуктах	Алексеев Геннадий Валентинович
10316462	True	07.22.00	1.3.8	Особенности микроструктуры, упрочнения и пластичности низколегированных ультрамелкозернистых алюминиевых сплавов	Орлова Татьяна Сергеевна
1029222	True	09.22.00	2.7.1	Разработка технологии получения функционального  пищевого ингредиента из базидиомицета лисичка обыкновенная  (cantharellus cibarius)	Румянцева Ольга Николаевна
10316248	True	08.22.00	2.4.8	Выбор и обоснование энергоэффективного привода погружного насоса спг для крупнотоннажных накопительных хранилищ	Баранов Александр Юрьевич
982117	True	09.22.00	4.3.3	Научно-практическое обоснование биоконверсии коллагенсодержащего сырья и оценка эффективности получаемых белковых компонентов в производстве мясных продуктов	Ребезов Максим Борисович
732170	True	05.22.00	1.3.6	Спектрально перестраиваемая лазерная генерация в свинцово-галогенидных перовскитных нитевидных микро- и нанокристаллах	Пушкарев Анатолий Петрович
468848	True	11.21.00	05.11.13	Разработка методики неразрушающего контроля физико-химических характеристик композиционных материалов органического происхождения	Андреев Юрий Сергеевич
10315203	True	07.22.00	1.3.8	Численное моделирование электронных и оптических свойств каскадных и сверхмногопериодных квантовых структур для ик- и тгц-диапазонов	Горай Леонид Иванович
1030596	True	12.22.00	1.4.4	Синтез, физико-химические свойства и применение гибридных углеродных материалов	Кривошапкина Елена Федоровна
478142	True	02.18.00	05.13.17	Метод структурирования интегрированных медицинских данных для моделирования медицинских рисков	Копаница Георгий Дмитриевич
49165329		13.22.00	5.2.3	Методы гибкого управления инновационными проектами в сфере передовых производственных технологий	Николаев Андрей Сергеевич
1035763	True	04.22.00	2.3.4	Управление эффектами коллективной динамики в клиент-ориентированных организационных системах на основе данных	Бухановский Александр Валерьевич
463374	True	10.19.00	05.17.06	Получение волокнистых материалов на основе гиалуроновой кислоты методом электроформования	Успенская Майя Валерьевна
246555	True	04.19.00	05.13.11	Генерация программ на основе функциональных блоков для промышленных киберфизических систем с использованием эволюционных алгоритмов	Буздалов Максим Викторович
10317367	True	03.22.00	2.5.4	Алгоритмы бессенсорного управления асинхронными двигателями на основе адаптивных наблюдателей	Пыркин Антон Александрович
734009	True	11.22.00	2.2.8	Разработка методики активного теплового контроля вертолётных лопастей из композиционных материалов	Федоров Алексей Владимирович
737512	True	05.22.00	1.3.6	Микроструктурированные волоконно-оптические элементы на основе кварцевого стекла и нанокристаллических материалов, активированных редкоземельными ионами	Никоноров Николай Валентинович
1032918	True	10.22.00	1.4.7	Электроактивные материалы на основе хитозана и поливинилового спирта	Олехнович Роман Олегович
420133	True	05.19.00	1.3.6	Эволюция оптических вихрей в дифрагированном поле	Петров Николай Владимирович
471725	True	09.19.00	05.18.07	Биотехнология получения бактериоцинов пробиотических штаммов lactobacillus helveticus и lactobacillus plantarum	Бараненко Денис Александрович
180859	True	08.19.00	01.04.14	Теплофизические процессы при искровом плазменном спекании наноструктурированных термоэлектрических материалов	Новотельнова Анна Владимировна
10320257	True	08.22.00	1.3.14	Теплообмен при парообразовании хладагентов в ограниченном пространстве	Малышев Александр Александрович
1250749	True	05.22.00	1.3.6	Лазерная модификация оптических и электрических свойств пленок pbse для устройств газового анализа	Сергеев Максим Михайлович
998877	True	05.22.00	1.3.4	Преобразование полей точечных излучателей и плоских волн при помощи электромагнитных метаповерхностей	Белов Павел Александрович
224867	True	08.19.00	05.04.03	Повышение эффективности систем регенерации воздуха для изолированных объектов	Пронин Владимир Александрович
748313	True	09.22.00	2.7.1	Разработка технологии функциональных замороженных полуфабрикатов из говядины с пробиотическими свойствами для предприятий общественного питания	Бараненко Денис Александрович
129126	True	07.19.00	05.27.03	Разработка физической методики исследования сверхбыстрых электронных процессов при фемтосекундной лазерной модификации поверхности кремния для применения в устройствах квантовой электроники	Шандыбина Галина Дмитриевна
209861	True	10.19.00	05.17.06	Разработка пленочных композиционных материалов на основе поливинилхлорида и полигидроксибутирата	Успенская Майя Валерьевна
992787	True	05.22.00	1.3.6	Фотонные топологические состояния в цепочках кубитов-трансмонов	Горлач Максим Александрович
749531	True	02.22.00	1.2.1	Эволюционные методы оптимизации для автоматической настройки гиперпараметров тематических моделей с аддитивной регуляризацией	Насонов Денис Александрович
42139559	True	11.22.00	2.2.8	Разработка методического обеспечения обнаружения и определения массовой концентрации микрочастиц поливинилхлорида в пробах почв	Олехнович Роман Олегович
36001354	True	15.24.00	1.3.6	Механизмы возникновения нелинейностей оптического отклика интегрально-оптических свч модуляторов	Петров Виктор Михайлович
126098	True	05.19.00	01.04.05	Оптические диэлектрические наноантенны на основе наноалмазов с азотно-вакансионными центрами окраски	Зуев Дмитрий Александрович
42135682		07.22.00	1.3.11	Разработка и исследование оптоэлектронных микрокомпонентов на основе плотных массивов квантовых точек ingaas/gaas для фотонных интегральных схем	Крыжановская Наталья Владимировна
435264	True	05.19.00	1.3.6	Оптические и фотоэлектрические свойства наноструктур на основе полупроводниковых нанокристаллов и производных графена для фотоники ближнего ик диапазона	Литвин Александр Петрович
49159873	True	03.22.00	2.3.1	Разработка адаптивных наблюдателей для параметрически неопределенных билинейных систем	Бобцов Алексей Алексеевич
10318529	True	12.22.00	1.4.1	Синтез и физико-химические свойства магнитоуправляемых композиционных материалов на основе alooh и fe3o4	Виноградов Владимир Валентинович
910772	True	05.22.00	1.3.6	Нелинейные экситон-поляритонные свойства планарных оптических резонаторов на основе галогенидных перовскитов	Макаров Сергей Владимирович
229843	True	07.19.00	01.04.21	Преобразование органических соединений на основе хромонов при однофотонном и многофотонном лазерном возбуждении	Храмов Валерий Юрьевич
466698	True	01.18.00	05.13.15	Модели и методы обработки данных в сети интернета вещей для предиктивного обслуживания распределенной автоматизированной системы мониторинга окружающей среды	Богатырев Владимир Анатольевич
749462	True	02.22.00	1.2.1	Алгоритмы адаптивного обучения структуры и параметров байесовской сети на основе смесей гауссовских распределений	Бухановский Александр Валерьевич
231090	True	09.19.00	05.18.07	Разработка биотехнологии бета-глюкансодержащего концентрата из остаточных пивных дрожжей	Меледина Татьяна Викторовна
454994	True	08.19.00	05.04.03	Энергоэффективные технологические процессы систем кондиционирования на базе статистической модели наружного климата	Сулин Александр Борисович
1030767	True	12.22.00	1.4.1	Дизайн систем доставки лекарств на основе карбоната кальция с  контролем морфологии	Виноградов Владимир Валентинович
1023664	True	04.22.00	2.3.8	Методы и алгоритмы информационного поиска в текстах на арабском языке для наполнения баз знаний	Бессмертный Игорь Александрович
231089	True	09.19.00	05.18.12	Разработка аппарата и определение рациональных режимов процесса для экструзионной переработки вторичного сырья пищевого назначения	Алексеев Геннадий Валентинович
246500	True	04.19.00	05.13.11	Методы и средства анализа исходных текстов программ и программных систем на основе семантических моделей	Дергачев Андрей Михайлович
18758720	True	07.22.00	1.3.8	Исследование структурно-композиционных подходов к спектральному контролю фото- и электролюминесценции тонких пленок на основе свинцово-галогенидных материалов	Пушкарев Анатолий Петрович
749249	True	02.22.00	1.2.1	Методы теоретического анализа динамики работы эволюционных алгоритмов	Буздалов Максим Викторович
1140058	True	07.22.00	1.3.8	Золь-гель синтез и свойства однородных массивов наночастиц серебра в матрице оксида цинка	Романов Алексей Евгеньевич
248101	True	06.19.00	05.11.07	Моделирование и создание интерференционных неполяризующих покрытий	Губанова Людмила Александровна
63270	True	01.18.00	05.13.12	Автоматизация процессов тестирования и отладки встраиваемых систем с использованием уровневых моделей	Платунов Алексей Евгеньевич
487190	True	06.19.00	05.11.07	Лазерная сканирующая система и методы обработки изображений полей сканирования для контроля лучевой прочности оптических элементов	Беликов Андрей Вячеславович
18759509	True	04.22.00	2.3.4	Методы интеллектуализации управления развитием персонала высокотехнологичных сервис-ориентированных компаний	Гусарова Наталья Федоровна
1011028	True	07.22.00	1.3.8	Вариация структурных и оптических свойств оптически чувствительных нано- и микроразмерных кристаллов с помощью микрофлюидных технологий	Зюзин Михаил Валерьевич
507673	True	07.19.00	1.3.19	Методы приготовления связанных состояний солитонов конденсатов бозе-эйнштейна	Алоджанц Александр Павлович
124049	True	05.19.00	01.04.03	Возбуждение связанных мод элементов периодических структур в микроволновом диапазоне	Глыбовский Станислав Борисович
742318	True	06.22.00	2.2.2	Пикосекундные nd:yag лазеры для прецизионной спутниковой локации	Викторов Евгений Анатольевич
233332	True	05.19.00	01.04.05	Подавление фото- и электроиндуцированной фазовой нестабильности в свинцово-галогенидных перовскитах для разработки светоизлучающих устройств	Макаров Сергей Владимирович
225111	True	05.19.00	01.04.05	Нелинейные явления в жидкостях в поле широкополосного излучения инфракрасного и терагерцового диапазона спектра	Козлов Сергей Аркадьевич
915814	True	09.22.00	4.3.3	Факторы повышения биологической ценности оливкового масла холодного отжима при длительном хранении	Колодязная Валентина Степановна
243400	True	06.19.00	05.11.07	Разработка рамановского газоанализатора изотопологов углеродосодержащих соединений с ультраспектральным разрешением	Виткин Владимир Владимирович
884873	True	07.22.00	1.3.19	Локальное лазерное управление физико-химическими свойствами композиционных тонких плёнок с плазмонными наночастицами	Одинцова Галина Викторовна
995466	True	01.22.00	2.3.2	Модели и методы реконфигурации и перераспределения потоков многопутевых отказоустойчивых компьютерных сетей	Богатырев Владимир Анатольевич
742372	True	06.22.00	2.2.6	Исследование влияния бинаризации и фазового распределения в пространстве объектов на изображающие свойства синтезированных голограмм-проекторов френеля	Корешев Сергей Николаевич
1036608	True	10.22.00	2.6.11	Разработка гидрогелевых коллаген-содержащих акриловых материалов для медицинских приложений	Успенская Майя Валерьевна
1031552	True	14.22.00	2.3.6	Методы оценки и повышения защищенности сетевой инфраструктуры на основе разграничения доступа и методов оптимизации	Воробьева Алиса Андреевна
290050	True	09.19.00	05.18.12	Исследование процесса электроконтактного нагрева при производстве хлеба и совершенствование аппарата для его осуществления	Новоселов Александр Геннадьевич
129084	True	02.18.00	05.13.17	Метод и алгоритмы интерпретации неполных высказываний пользователя для управления устройствами интернета вещей на основе онтологического подхода	Муромцев Дмитрий Ильич
128850	True	06.19.00	05.11.01	Разработка новых методов управления характеристиками интегрально-оптических модуляторов на подложке ниобата лития для применения в системах обработки сигналов прецизионных оптических датчиков	Шамрай Александр Валерьевич
430703	True	08.19.00	01.04.14	Термостабилизация электронных приборов с интенсивными тепловыделениями	Шарков Александр Васильевич
856313	True	08.22.00	2.4.8	Анализ энергетической эффективности системы охлаждения с солнечным коллектором двойного действия в условиях климата мали	Сулин Александр Борисович
465768	True	09.19.00	05.18.07	Разработка технологий получения и применения глутатион-обогащенного хлебопекарного улучшителя из остаточных пивных дрожжей	Меледина Татьяна Викторовна
220120	True	08.19.00	05.04.03	Методика выбора эффективных конструктивно-технологических решений для системы криогенного обеспечения сверхпроводящих кабельных линий	Баранов Александр Юрьевич
738070	True	07.22.00	1.3.8	Управление оптическими и магнитными свойствами одномерных углеродных наноматериалов	Терещенко Олег Евгеньевич
473894	True	06.19.00	05.11.07	Разработка и исследование метода увеличения глубины резкости изображений, формируемых с помощью синтезированных голограмм-проекторов френеля	Корешев Сергей Николаевич
1020998	True	05.22.00	1.3.6	Устойчивость резонансных состояний в диэлектрических структурах при изменении параметров	Рыбин Михаил Валерьевич
10318386	True	11.22.00	2.2.8	Первичный преобразователь прибора динамического инструментального индентирования с дифференциальной катушкой индуктивности	Лукьянов Геннадий Николаевич
475708	True	07.19.00	1.3.19	Оптические ловушки на основе полупроводниковых лазеров	Соколовский Григорий Семенович
42102187	True	15.24.00	1.3.6	Нелинейная динамика оптических состояний ваннье-штарка и генерация новых частот	Юлин Алексей Викторович
129407	True	04.19.00	05.13.11	Эффективные алгоритмы инкрементальной и асинхронной недоминирующей сортировки для многокритериальных эволюционных алгоритмов	Буздалов Максим Викторович
605924	True	08.19.00	05.04.03	Оптимизация процессов переноса теплоты в роторных регенеративных теплообменниках систем кондиционирования воздуха	Цыганков Александр Васильевич
238950	True	06.19.00	05.11.07	Волоконно-оптические элементы для исследований биологических микрообъектов и контроля формы изгиба гибкого медицинского инструмента	Куликов Андрей Владимирович
213479	True	07.19.00	01.04.10	Теоретическое и экспериментальное исследование эффектов объемной неустойчивости в нитевидных нанокристаллах нитрида галлия	Мухин Иван Сергеевич
741263	True	06.22.00	2.2.6	Разработка метода проектирования, основанного на теории аберраций, для систем коллимации и концентрации излучения светодиодов для оптико-электронных приборов	Романова Галина Эдуардовна
1029925	True	05.22.00	1.3.6	Электромагнитные топологические состояния в массивах анизотропных рассеивателей	Горлач Максим Александрович
247525	True	06.19.00	05.11.07	Разработка оптических систем кругового излучения для задач транспортной коммуникации	Потемин Игорь Станиславович
240645	True	07.19.00	05.27.03	Модификация характеристик полупроводниковых структур и лазеров на их основе методом прямой ионно-лучевой литографии	Евтихиев Вадим Павлович
129176	True	02.18.00	05.13.17	Метод и алгоритмы построения интеллектуальной диалоговой системы на основе динамического представления графов знаний	Муромцев Дмитрий Ильич
132118	True	03.19.00	05.13.01	Адаптивное и робастное управление по выходу в условиях дискретных измерений и внешних возмущений	Колюбин Сергей Алексеевич
127300	True	03.19.00	05.13.01	Оценивание квазидетерминированных процессов с учетом ограничений на их величину и производную в задачах спутниковой навигации	Кошаев Дмитрий Анатольевич
49061722	True	03.22.00	2.3.1	Адаптивное управление нестационарными системами с периодическими коэффициентами	Герасимов Дмитрий Николаевич
210668	True	05.19.00	01.04.05	Нелинейное поглощение и преломление в поле сверхкоротких импульсов в кристаллических и жидких материалах для систем детектирования и генерации терагерцового излучения	Цыпкин Антон Николаевич
1030803	True	12.22.00	1.4.4	Физико-химические процессы адсорбции при ионном наслаивании полиэлектролитов на углеродных поверхностях	Скорб Екатерина Владимировна
42154351	True	08.22.00	2.4.8	Разработка и исследование тихоходных компрессоров малых холодильных машин	Бусаров Сергей Сергеевич
49030454	True	08.22.00	2.4.8	Анализ и совершенствование систем охлаждения микропроцессоров компьютеров	Семенов Александр Евгеньевич
14076248	True	13.22.00	5.2.3	Развитие экосистем российских вузов на основе внедрения цифровых решений	Гаврилюк Елена Сергеевна
741794	True	05.22.00	1.3.6	Применение металл-диэлектрических и металл-полупроводниковых структур в высокоразрешающих рефрактометрах на основе поверхностного и локализованного плазмонного резонанса	Вартанян Тигран Арменакович
1033865	True	09.22.00	4.3.3	Разработка фитокомпозиции для пролонгирования сроков годности кисломолочных напитков	Сучкова Елена Павловна
1018527	True	05.22.00	1.3.6	Фотолюминесценция и генерация второй гармоники в кремнии в наносистемах типа металл-полупроводник	Зуев Дмитрий Александрович
715759	True	04.22.00	2.3.8	Методы построения и декодирования полярных кодов с большими ядрами	Трифонов Петр Владимирович
178772	True	08.19.00	01.04.14	Исследование теплообмена при обтекании воздухом труб с кольцевым оребрением методами градиентной теплометрии и термометрии	Митяков Владимир Юрьевич
465936	True	09.19.00	05.18.07	Биотехнология йогурта для функционального питания в условиях крайнего севера	Надточий Людмила Анатольевна
746658	True	05.22.00	1.3.6	Оптические резонансы в диэлектрических фотонных структурах	Лимонов Михаил Феликсович
227442	True	02.18.00	05.13.17	Метод графового анализа транскриптомных данных для обнаружения метаболической регуляции иммунных клеток	Сергушичев Алексей Александрович
125446	True	05.19.00	01.04.05	Цифровая голографическая регистрация, обработка и анализ волновых полей в видимом и терагерцовом частотных диапазонах	Козлов Сергей Аркадьевич
1035109	True	03.22.00	2.3.1	Адаптивные наблюдатели для нелинейных систем на основе процедуры динамического расширения и смешивания	Ведяков Алексей Алексеевич
740566	True	06.22.00	2.2.6	Разработка оптико-электронной системы визуального отображения изменения физиологического состояния пациентов с хроническим нарушением сознания и передачи данных по беспроводной оптической связи	Смирнова Ирина Геннадьевна
18759717	True	02.22.00	1.2.2	Методы интерпретации математических моделей нефтегазовой отрасли на основе ретроспективных данных	Бухановский Александр Валерьевич
126099	True	10.19.00	05.17.06	Разработка влагоудерживающих композитов на основе минерал-модифицированных акриловых гидрогелей	Успенская Майя Валерьевна
184590	True	09.19.00	05.18.07	Выделение и идентификация штамма винных дрожжей hanseniaspora opuntiae мк 460485 и исследование его применения в производстве этанола	Мезенова Ольга Яковлевна
18756503	True	03.22.00	2.3.1	Онлайн оценивание параметров регрессионных моделей c линейно зависимыми элементами	Ведяков Алексей Алексеевич
18758943	True	04.22.00	2.3.4	Метод классификации коротких текстов для решения задач управления в организационных системах	Бессмертный Игорь Александрович
1057103	True	05.22.00	1.3.6	Процессы формирования голографическими методами трехмерных объектов периодической и произвольной трехмерной конфигурации и их характеристики	Ворзобова Надежда Дмитриевна
1033924	True	10.22.00	2.6.11	Получение и исследование желатин-танниновых гидрогелевых материалов медико-биологического назначения	Успенская Майя Валерьевна
734006	True	05.22.00	1.3.6	Линейные и нелинейные оптические свойства наноструктур ближнего ик диапазона и нанокристаллов перовскита	Литвин Александр Петрович
920031	True	14.22.00	2.3.6	Модели и методы использования электронной подписи в доверенных системах хранения данных	Беззатеев Сергей Валентинович
1004050	True	05.22.00	1.3.6	Фантомная визуализация с использованием псевдотеплового источника в широкополосном терагерцовом диапазоне	Цыпкин Антон Николаевич
1014506	True	09.22.00	4.3.3	Модификация физико-химических свойств бета-каротина методами супрамолекулярной химии	Рудометова Наталия Викторовна
49066259	True	09.22.00	2.7.1	Разработка технологии бета-глюкансодержащих экстрактов из грибов pleurotus ostreatus и их применение в пищевых системах	Шамцян Марк Маркович
998657	True	05.22.00	1.3.4	Беспроводная передача энергии на основе новых физических принципов	Белов Павел Александрович
1032434	True	14.22.00	2.3.6	Методы и алгоритмы биометрической идентификации пользователя на основе термограммы лица	Коржук Виктория Михайловна
1017129	True	06.22.00	2.2.2	Исследование ионной миграции в органо-неорганических перовскитах для реализации солнечных элементов и светодиодов	Гец Дмитрий Станиславович
49086476	True	03.22.00	2.3.1	Методы финитного управления и наблюдения для дескрипторных систем на основе развития концепции однородности	Зименко Константин Александрович
14074524	True	16.24.00	2.2.14	Применение высокодобротных керамических резонаторов в системах радиочастотной идентификации и микроволновых сенсорах	Слобожанюк Алексей Петрович
10310009	True	08.22.00	2.4.8	Совершенствование способов регулирования объемной  производительности винтового однороторного  компрессора	Пронин Владимир Александрович
1015753	True	08.22.00	2.4.8	Совершенствование методики расчета рабочих характеристик спирального компрессора	Пронин Владимир Александрович
994453	True	08.22.00	2.4.8	Повышение эффективности турбохолодильных машин с центробежными компрессорными ступенями концевого типа	Кожухов Юрий Владимирович
240065	True	04.19.00	05.13.10	Управление образовательными траекториями в вузе на основе интеллектуального анализа потребностей рынка труда	Лисицына Любовь Сергеевна
10320062	True	10.22.00	1.4.7	Жидкокристаллические олигомеры сложной молекулярной архитектуры	Зуев Вячеслав Викторович
454969	True	11.21.00	05.11.14	Исследование и разработка модульного технологического оборудования для единичного и мелкосерийного производства	Афанасьев Максим Яковлевич
464821	True	10.19.00	02.00.06	Молекулярно-динамическое моделирование линейных и разветвлённых пептидных полиэлектролитов	Неелов Игорь Михайлович
42093912	True	13.22.00	5.2.3	Управление проектной инновационной деятельностью вузов на основе концепции промышленного симбиоза	Будрин Александр Германович
49026977		07.22.00	1.3.11	Исследование микродисковых лазеров на основе гетероструктур ingaas/gaas/algaas, гибридно интегрированных с кремниевой подложкой	Крыжановская Наталья Владимировна
129291	True	02.18.00	05.13.17	Метод комплексной оценки моделей данных для автоматизации машинного обучения без учителя	Муромцев Дмитрий Ильич
10317915	True	15.24.00	1.3.6	Динамика фотовозбуждений в композитах на основе люминесцентных углеродных наноточек	Ушакова Елена Владимировна
464551	True	11.21.00	05.11.13	Разработка алгоритмического и программно-технического обеспечения первичной обработки сигнала при динамическом индентировании	Федоров Алексей Владимирович
145027	True	09.19.00	05.18.12	Совершенствование процесса и оборудования для обеспечения высокой стабильности пищевых эмульсий	Верболоз Елена Игоревна
10311644	True	15.24.00	1.3.6	Теоретическое моделирование наноразмерных вертикальных гетероструктур с выраженными спиновыми свойствами	Аврамов Павел Вениаминович
510301	True	06.19.00	05.11.07	Исследование многоканальной оптико-электронной системы обеспечения сепарации фруктов сложной формы	Коротаев Валерий Викторович
14075722	True	16.24.00	1.3.4	Шумоизоляционные акустические системы на основе метаструктур с резонаторами гельмгольца	Богданов Андрей Андреевич
129140	True	06.19.00	05.11.07	Оптико-электронная система с избирательной инвариантностью для контроля прогиба плавучих доков	Горбачёв Алексей Александрович
14074780	True	06.22.00	2.2.6	Беспроводные оптические системы передачи данных на основе многокристальных светодиодов видимого спектрального диапазона и инфракрасных лазеров с распределенной обратной связью	Колодезный Евгений Сергеевич
42116627	True	07.22.00	1.3.11	Исследование нелинейных оптических свойств кремниевых микроструктур и наноструктур: генерация второй и третьей гармоник	Неплох Владимир Владимирович
125375	True	05.19.00	01.04.05	Наноразмерные структуры для усиления генерации, детектирования и модуляции терагерцового излучения	Командин Геннадий Анатольевич
749981	True	03.22.00	2.3.1	Адаптивные наблюдатели состояния электромеханических систем на основе новых нелинейных моделей трения	Пыркин Антон Александрович
737848	True	06.22.00	2.2.4	Повышение точностных и эксплуатационных характеристик волоконно-оптического гироскопа с помощью управления и радиочастотной модуляции оптического излучения	Алейник Артем Сергеевич
752822	True	02.22.00	1.2.1	Извлечение и применение знаний из специальных данных для повышения качества прогнозных моделей в задачах поддержки принятия экспертных решений	Ковальчук Сергей Валерьевич
10320831	True	15.24.00	1.3.6	Оптический нагрев золотых наночастиц для фототермической терапии и светоопосредованного высвобождения лекарственных препаратов	Зюзин Михаил Валерьевич
230500	True	05.19.00	01.04.05	Фотохимически индуцированный круговой дихроизм полупроводниковых нанокристаллов	Маслов Владимир Григорьевич
475681	True	08.19.00	05.04.03	Обоснование использования парокомпрессионного теплового насоса в различных климатических условиях	Никитин Андрей Алексеевич
996391	True	06.22.00	2.2.6	Разработка бинокулярных оптических систем виртуальной реальности с уменьшенным рассогласованием конвергенции и аккомодации с использованием дифракционных и рефракционных элементов	Романова Галина Эдуардовна
231225	True	09.19.00	05.18.07	Биотехнология национального кисломолочного напитка на основе верблюжьего молока	Надточий Людмила Анатольевна
804161	True	08.22.00	2.4.8	Комплексный анализ и оценка эффективности тепловых насосов для одновременного получения теплоты и холода	Галимова Лариса Васильевна
10319734	True	06.22.00	2.2.6	Методы синтеза оптических систем для задач проточного анализа в промышленных комплексах мониторинга нефтепродуктов	Вознесенская Анна Олеговна
734424	True	05.22.00	1.3.6	Диэлектрические резонансные структуры для управления люминесцентными свойствами азотно-вакансионных центров в алмазе и ионов эрбия в кремниевой матрице	Зуев Дмитрий Александрович
839327	True	11.22.00	2.2.8	Исследование и разработка методов обработки сигналов акустической эмиссии	Федоров Алексей Владимирович
996063	True	06.22.00	2.2.6	Разработка метода автоматизированного синтеза двух- и трехлинзовых объективов	Бахолдин Алексей Валентинович
369455	True	03.19.00	05.13.01	Развитие эллипсоидных методов одновременного подавления внешних возмущений и помех измерения	Фуртат Игорь Борисович
42140764	True	08.22.00	2.4.8	Анализ эффективности и оптимизация систем утилизации теплоты вытяжного воздуха	Сулин Александр Борисович
10309346	True	09.22.00	4.3.3	Биомодификация свойств мяса страуса и его применение в технологии функциональных продуктов питания	Бараненко Денис Александрович
1025853	True	06.22.00	2.2.2	Nd:ylf лазер с длиной волны 1047 нм для диагностики плазмы методом томсоновского рассеяния	Викторов Евгений Анатольевич
33878628	True	15.24.00	1.3.6	Оптика экситонов в объемных галогенидных перовскитах	Миличко Валентин Андреевич
752228	True	02.22.00	1.2.1	Предсказательное моделирование процессов в комплексных сетях посредством методов машинного обучения на основе неполных данных	Бухановский Александр Валерьевич
722629	True	07.22.00	1.3.8	Планарные и наноразмерные эпитаксиальные гетероструктуры ga(n,p) на кремнии и сапфире: структурные и оптические свойства	Федоров Владимир Викторович
752010	True	03.22.00	2.3.1	Адаптивное управление по выходу с компенсацией возмущающих воздействий, имеющих нелинейную параметрически неопределенную динамику	Громов Владислав Сергеевич
1166898	True	08.22.00	2.4.8	Развитие систем охлаждения на базе абсорбционных бромистолитиевых холодильных машин на возобновляемых источниках энергии	Бараненко Александр Владимирович
913803	True	09.22.00	4.3.3	Совершенствование процесса и оборудования дистилляции мисцеллы растительного масла	Новоселов Александр Геннадьевич
1019084	True	08.22.00	1.3.14	"Тепловой режим источника ультрахолодных нейтронов для реактора ""пик"""	Пилипенко Николай Васильевич
735241	True	05.22.00	1.3.6	Оптические свойства j-агрегатов цианиновых красителей, сформированных на наноструктурированных поверхностях	Старовойтов Антон Андреевич
14075067	True	09.22.00	4.3.3	Совершенствование технологии рыбных полуфабрикатов с использованием вторичного сырья повышенной пищевой ценности	Ишевский Александр Леонидович
746873	True	07.22.00	1.3.19	Эффекты лазерного усиления в неупорядоченных двухмерных массивах микрорезонаторов	Алоджанц Александр Павлович
459872	True	05.19.00	1.3.6	Спектрально-люминесцентные свойства ромбических и моноклинных кристаллов вольфраматов и молибдатов, активированных ионами европия, тербия, тулия и иттербия	Баранов Александр Васильевич
229484	True	02.18.00	05.13.17	Методы генерации детерминированных конечных автоматов с использованием сокращения пространства поиска при решении задачи выполнимости	Ульянцев Владимир Игоревич
355585	True	03.19.00	05.13.01	Адаптивное управление по выходу линейными нестационарными системами	Бобцов Алексей Алексеевич
37359425	True	13.22.00	5.2.3	Совершенствование оценивания оборотоспособной интеллектуальной составляющей инноваций российских наукоемких организаций	Николаев Андрей Сергеевич
222705	True	03.19.00	05.13.01	Комплекс алгоритмов обработки  полетных данных летательного аппарата в системе информационной поддержки экипажа	Жаринов Игорь Олегович
716041	True	12.22.00	1.4.4	Синтез и физико-химические свойства наночастиц оксида тантала и водных дисперсий на их основе	Кривошапкин Павел Васильевич
237158	True	06.19.00	05.11.07	Лазерная запись волноводов в пористом стекле для сенсорных применений	Вейко Вадим Павлович
461692	True	08.19.00	05.04.03	Повышение эффективности систем кондиционирования воздуха на основе аккумулирования низкотемпературной энергии.	Бараненко Александр Владимирович
133442	True	08.19.00	05.04.03	Совершенствование конструкций и методов расчета  поршневых детандеров	Прилуцкий Игорь Кирович
282062	True	02.18.00	05.13.19	Модель и методика обнаружения низкоинтенсивных распределенных атак типа «отказ в обслуживании» в информационно-телекоммуникационных системах	Басов Олег Олегович
775166	True	05.22.00	1.3.4	Генеративные нейросетевые структуры для оптимизации каналов связи и определения оптимального зондирующего воздействия на физические системы	Игнатьев Вячеслав Константинович
468453	True	05.19.00	1.3.6	Топологические состояния высокого порядка и квантово-запутанные состояния фотонных пар в резонансных наноструктурах	Горлач Максим Александрович
225860	True	02.18.00	05.13.17	Контекстно-зависимое распознавание эмоций на основе многомодальных данных	Карпов Алексей Анатольевич
1035784	True	04.22.00	2.3.8	Математическое обеспечение визуального распознавания русской речи в ассистивных транспортных системах	Карпов Алексей Анатольевич
368887	True	05.19.00	01.04.05	Когерентное детектирование в квантовых информационных системах на основе многомодового фазомодулированного излучения	Егоров Владимир Ильич
10320321	True	07.22.00	1.3.8	Масштабируемые методы нанесения пленок из композитов на основе нанокристаллов cspbbr3 с высокоэффективной фотолюминесценцией	Макаров Сергей Владимирович
125761	True	07.19.00	05.27.03	Пикосекундный nd:yag лазер для лунного лазерного дальномера	Викторов Евгений Анатольевич
14077535	True	14.22.00	2.3.6	Модели, алгоритмы и методология обнаружения атак и аномалий с использованием методов искусственного интеллекта для повышения кибербезопасности контейнерной инфраструктуры	Чечулин Андрей Алексеевич
244653	True	06.19.00	05.11.07	Аналоговые радиофотонные компоненты с цепями согласования импедансов для использования в системах передачи данных	Бугров Владислав Евгеньевич
465723	True	09.19.00	05.18.07	Разработка съедобного гелевого покрытия с антимикробными свойствами на полисахаридно-белковой основе для пищевых продуктов	Куприна Елена Эдуардовна
1035064	True	09.22.00	4.3.3	Совершенствование машинно-аппаратурной схемы производства пива на базе малых предприятий	Новоселов Александр Геннадьевич
740472	True	12.22.00	1.4.4	Гибридные системы на основе полисахаридов и магнетита, золота или меди: физико-химические свойства, коллоидная стабильность и применения	Кривошапкина Елена Федоровна
361489	True	05.19.00	01.04.05	Управление ближним электромагнитным полем в резонансных наноструктурах золото-кремний	Зуев Дмитрий Александрович
953300	True	05.22.00	1.3.6	Спектрально-люминесцентные, лазерные и голографические свойства хлоридных и бромидных фото-термо-рефрактивных стекол, активированных редкоземельными ионами	Никоноров Николай Валентинович
126150	True	05.19.00	01.04.05	Различение фазомодулированных квантовых состояний в коммуникациях по оптическому каналу	Мирошниченко Георгий Петрович
6204025	True	15.24.00	1.3.6	Термочувствительные гибридные наноструктуры на основе резонансных золотых наночастиц для задач оптического измерения температуры и модуляции интенсивности сигнала второй гармоники	Зюзин Михаил Валерьевич
603828	True	05.19.00	1.3.6	Моделирование и исследование свойств фотонно-кристаллических световодов для среднего и дальнего инфракрасного диапазона	Жукова Лия Васильевна
715522	True	05.22.00	1.3.6	Передача импульса и углового момента поля субволновым рассеивателям в опто- и акустомеханике	Петров Михаил Игоревич
1029272	True	09.22.00	4.3.3	Совершенствование процесса модифицирования картофельного крахмала с применением принципов системного подхода	Алексеев Геннадий Валентинович
743695	True	03.22.00	2.3.1	Алгоритмы адаптивного реактивного и проактивного гибридного управления манипуляционными роботами	Колюбин Сергей Алексеевич
1014582	True	06.22.00	2.2.6	Разработка оптической системы некогерентного перестраиваемого источника воспроизведения цвета с применением акустооптической фильтрации	Романова Галина Эдуардовна
1111243	True	09.22.00	4.3.3	Научные и практические аспекты гелеобразования концентрата творожной сыворотки, полученного нанофильтрацией, при создании продукта для питания спортсменов	Новокшанова Алла Львовна
1179871	True	03.22.00	2.3.1	Метод оценивания вектора переменных состояния для класса нелинейных нестационарных систем в условиях неопределенностей	Маргун Алексей Анатольевич
128632	True	03.19.00	05.02.05	Разработка адаптивных манипуляционных и энергоэффективных локомоционных роботов	Колюбин Сергей Алексеевич
1011163	True	07.22.00	1.3.8	Свинцово-галогенидные перовскитные нанокристаллы и композиты на их основе с повышенной устойчивостью к воде и воздуху	Зюзин Михаил Валерьевич
464709	True	05.19.00	1.3.6	Светоиндуцированные структурные изменения металл-органических каркасов, не содержащих фотохромных фрагментов	Миличко Валентин Андреевич
56157	True	02.18.00	05.13.17	Методы информационного моделирования, анализа и прогнозирования процессов организации кардиологической помощи в стационаре	Бухановский Александр Валерьевич
1025530	True	08.22.00	2.4.8	Энергосберегающие решения для создания холодильных машин с применением диоксида углерода	Баранов Игорь Владимирович
42145749	True	08.22.00	1.3.14	Теплофизические свойства твердых растворов mg2si-mg2sn с нановключениями	Новотельнова Анна Владимировна
821833	True	02.22.00	1.2.1	Применение машинного обучения на основе типа личности пользователя для задач профилирования пользователей социальных сетей и рекомендации контента	Фарсеев Александр Игоревич
742172	True	03.22.00	2.3.1	Улучшение параметрической сходимости в задачах адаптивного управления нелинейными системами при нарушении условий согласования	Герасимов Дмитрий Николаевич
177105	True	05.19.00	01.04.05	Оптические свойства слабопоглощающих наночастиц с высоким показателем преломления, обусловленные тороидальными мультипольными моментами	Шалин Александр Сергеевич
10318490	True	12.22.00	1.4.4	Физико-химические основы синтеза программируемых композитных актуаторов и исследование их поведения в переменном магнитном поле	Виноградов Владимир Валентинович
240064	True	04.19.00	05.13.11	Методы и средства эквивалентного преобразования программ на основе переносимой среды выполнения	Дергачев Андрей Михайлович
7532201	True	08.22.00	2.4.8	Обоснование методов проектирования систем хранения спг при транспортировке речным транспортом	Баранов Александр Юрьевич
454629	True	06.19.00	05.11.07	Оптико-электронная система контроля положения железнодорожного пути при его выправке	Коротаев Валерий Викторович
712969	True	07.22.00	1.3.11	Физические основы создания активных областей вертикально-излучающих быстродействующих лазеров телекоммуникационного диапазона длин волн 1300-1550 нм методом молекулярно-пучковой эпитаксии	Егоров Антон Юрьевич
827671	True	04.22.00	2.3.8	Методы контекстуальной генерации изображений в высоком разрешении в условиях ограниченности вычислительных мощностей и недостатка обучающих данных	Фильченков Андрей Александрович
10316426	True	04.22.00	2.3.8	Методы мягкого декодирования линейных блоковых кодов	Трифонов Петр Владимирович
1037229	True	04.22.00	2.3.8	Многозначная классификация и распознавание именованных сущностей на основе переноса обучения по зашумленным меткам для малоресурсных языков	Муромцев Дмитрий Ильич
461440	True	09.19.00	05.18.07	Разработка технологий получения и применения белоксодержащего пищевого ингредиента из краевых участков голья и гольевого спилка	Кременевская Марианна Игоревна
459077	True	05.19.00	1.3.6	Оптические вихри в скрученных и акусто-оптических волоконных решетках	Алексеев Константин Николаевич
1035183	True	09.22.00	4.3.3	Технология функционального мясного синбиотического паштета с топинамбуром	Бараненко Денис Александрович
150147	True	05.19.00	01.04.05	Создание интерференционных покрытий, устойчивых к отклонениям параметров слоев	Губанова Людмила Александровна
128523	True	02.18.00	05.13.17	Методы и алгоритмы детектирования объектов на основе нейронной сети с полносвязным ядром свертки	Матвеев Юрий Николаевич
10316280	True	08.22.00	1.3.14	Технология сокращения потерь сжиженного природного газа при накоплении, хранении и транспортировании	Баранов Александр Юрьевич
10319959	True	09.22.00	2.7.1	Методологические принципы прогнозирования потребительских свойств пищевых систем	Яковченко Наталья Владимировна
737567	True	09.22.00	4.3.3	Биотехнология низкотемпературного хранения яблок осенних сортов с применением газоселективных трековых мембран	Колодязная Валентина Степановна
220522	True	05.19.00	01.04.05	Интерференционные и дифракционные методы контроля параметров импульсного терагерцового излучения	Козлов Сергей Аркадьевич
115978	True	05.19.00	01.04.03	Исследование систем беспроводной передачи энергии на основе диэлектрических резонаторов и метаповерхности	Капитанова Полина Вячеславовна
1034377	True	06.22.00	2.2.6	Диагностическая система для вызванных патогеном helicobacter pylori заболеваний желудочно-кишечного тракта	Виткин Владимир Владимирович
226864	True	08.19.00	05.04.03	Моделирование процессов тепломассопереноса и фильтрации в адиабатическом увлажнителе	Цыганков Александр Васильевич
224856	True	03.19.00	05.13.01	Итеративный метод синтеза адаптивных наблюдателей для нелинейных систем	Пыркин Антон Александрович
468015	True	05.19.00	1.3.6	Разработка дизайна и исследование свойств фотонных структур для повышения эффективности экситон-фотонного и магнон-фотонного взаимодействия	Иорш Иван Владимирович
1032404	False	11.22.00	2.2.9	Совершенствование технологических процессов изготовления пьезоэлектрических датчиков вибрации	Андреев Юрий Сергеевич
728866	True	07.22.00	1.3.11	Тепловые и оптические характеристики торцевых полупроводниковых лазеров ingaas/gaas/algaas на основе связанных волноводов	Паюсов Алексей Сергеевич
230906	True	05.19.00	01.04.03	Исследование фотонных топологических изоляторов на основе диэлектрических структур в микроволновом частотном диапазоне	Слобожанюк Алексей Петрович
472204	True	09.19.00	05.18.07	Исследование функционально-технологических свойств ресвератрола и его применение для обогащения продуктов питания	Баланов Петр Евгеньевич
229062	True	06.19.00	05.11.07	Формирование и анализ изображений микроструктуры объектов в оптической когерентной томографии с перестраиваемой длиной волны и линейным полем освещения	Гуров Игорь Петрович
306521	True	04.19.00	05.13.11	Разработка и исследование алгоритмов устранения визуальной избыточности на основе кодирующих преобразований	Тропченко Андрей Александрович
745504	True	06.22.00	2.2.6	Исследование метода комплексирования изображений в оптико-электронном комплексе для эрозионного контроля лопаточного аппарата паровых турбин	Васильев Александр Сергеевич
646890	True	05.19.00	1.3.4	Разрушение симметрии эффективного потенциала в мультипольных радиочастотных ловушках	Рождественский Юрий Владимирович
757521	True	06.22.00	2.2.6	Разработка метода контроля составного зеркала телескопа	Демин Анатолий Владимирович
1025237	True	06.22.00	2.2.6	Методы восстановления оптических свойств светорассеивающих материалов	Потемин Игорь Станиславович
435076	True	02.18.00	05.13.17	Метод диаграмматической верификации онтологий на основе дескрипционной логики alc	Баймуратов Ильдар Раисович
180925	True	08.19.00	05.04.03	Анализ   эффективности холодильных систем с радиационным охлаждением в зависимости от климатических условий	Бараненко Александр Владимирович
230313	True	05.19.00	01.04.05	Люминесцентные и фотоэлектрические свойства гибридных структур на основе наноструктурированного углерода и квантовых полупроводниковых нанокристаллов	Орлова Анна Олеговна
236664	True	03.19.00	05.13.01	Синтез адаптивного   управления   линейными   системами по выходной  переменной  на  базе  алгоритмов  адаптации с улучшенной сходимостью	Герасимов Дмитрий Николаевич
10319507	True	06.22.00	2.2.6	Метод формирования волоконных устройств на основе явления движущегося оптического разряда	Петров Андрей Анатольевич
206708	True	04.19.00	05.13.11	Технология интеллектуальной организации процесса выполнения неоднородных композитных приложений в глобальной вычислительной среде	Насонов Денис Александрович
236582	True	05.19.00	01.04.05	Влияние фотоактиничного излучения на структуру и свойства молекулярных со-кристаллов аминопиридинового ряда	Фокина Мария Ивановна
235276	True	04.19.00	05.13.11	Методы и алгоритмы эффективной визуализации моделей трехмерных сцен на многопроцессорных рабочих станциях	Жданов Дмитрий Дмитриевич
18764947	True	07.22.00	1.3.8	Улучшение структурной стабильности и оптических свойств тонких пленок и микродисков на основе галогенидных перовскитов	Пушкарев Анатолий Петрович
734443	True	11.22.00	2.2.8	Совершенствование методов и алгоритмов математической обработки спектральных данных в исследованиях биологических материалов	Кирсанов Дмитрий Олегович
14075970	True	12.22.00	1.4.4	Механизмы супрамолекулярных сборок азотсодержащих гетероциклов и создание фотоактивных систем на их основе	Скорб Екатерина Владимировна
224312	True	05.19.00	01.04.05	Создание фотонных структур методом лазерной литографии и их спектроскопические исследования	Лимонов Михаил Феликсович
124815	True	10.19.00	05.17.06	Создание акриловых гидрогелевых сорбентов для повышения урожайности почв	Успенская Майя Валерьевна
473294	True	05.19.00	1.3.6	Оптические резонансы в наноструктурах для модифицирования радиационной рекомбинации в галогенидных перовскитах	Макаров Сергей Владимирович
126148	True	05.19.00	01.04.05	Исследование структурно-люминесцентных свойств синтетических микро- и наноалмазов методами рамановской и люминесцентной спектроскопии	Баранов Александр Васильевич
230535	True	07.19.00	01.04.10	Исследование свойств эпитаксиальных пленок и объемных кристаллов нитрида и оксида галлия для создания приборов силовой электроники	Бугров Владислав Евгеньевич
229485	True	08.19.00	05.04.03	Исследование процессов вакуумно-испарительной кристаллизации при получении бинарного льда	Коченков Николай Викторович
1019753	True	11.22.00	2.2.8	Разработка методики акустического неразрушающего контроля остаточных напряжений в специальных трубах	Кинжагулов Игорь Юрьевич
126038	True	05.19.00	01.04.05	Круговой дихроизм поглощения света хиральными полупроводниковыми наноструктурами с винтовой симметрией	Федоров Анатолий Валентинович
18756260	True	16.24.00	1.3.4	Неотражающие метаповерхности для преобразования пространственного спектра	Глыбовский Станислав Борисович
517139	True	06.19.00	05.11.07	Разработка компенсаторов волнового фронта на основе поверхностей свободной формы для контроля асферических зеркал	Вознесенская Анна Олеговна
358403	True	06.19.00	05.11.07	Оптико-электронное устройство формирования динамического визуального изображения  для целей светотерапии	Прокопенко Виктор Трофимович
454835	True	11.21.00	05.11.13	Разработка системы мониторинга и нейтрализации выхлопных газов двигателей внутреннего сгорания в местах их настройки, обкатки и регулировки	Андреев Юрий Сергеевич
470040	True	06.19.00	05.11.01	Повышение частотной стабильности одномодового вертикально-излучающего лазера спектрального диапазона 1,55 мкм с использованием дополнительного поляризационно-чувствительного внешнего резонатора на основе волоконной решетки брэгга	Аксарин Станислав Михайлович
472401	True	11.21.00	05.11.14	Разработка автоматизированной технологии изготовления трубчатых трансформируемых элементов из термопластичных композиционных материалов	Андреев Юрий Сергеевич
745224	True	03.22.00	2.5.4	Исследование и разработка системы управления ветроэнергетической установкой на эффекте магнуса	Демидова Галина Львовна
745063	True	05.22.00	1.3.6	Оптические и спектрально-люминесцентные свойства серебряных ионообменных слоёв силикатных стекол, активированных редкоземельными ионами и галогенидами	Никоноров Николай Валентинович
726605	True	09.22.00	4.3.3	Разработка технологических решений для производства мясных рубленых полуфабрикатов из сырья животного и растительного происхождения с заданными качественными характеристиками	Ишевский Александр Леонидович
737658	True	05.22.00	1.3.6	Взаимодействие лазерного излучения с гибридными высокоиерархичными структурами	Белов Павел Александрович
476377	True	04.19.00	2.3.4	Интеллектуальная поддержка принятия решений для предупреждения поллинозов на основе автоматического распознавания изображений пыльцы	Фильченков Андрей Александрович
228844	True	02.18.00	05.13.17	Методы обобщения и повышения производительности двухфазного генетического алгоритма со скрещиванием, компенсирующим воздействия мутаций	Буздалов Максим Викторович
49122721		04.22.00	2.3.8	Методы классификации объектов в виде наборов строковых данных с применением графов де брейна	Ульянцев Владимир Игоревич
129138	True	02.18.00	05.13.17	Автоматическое чтение по губам с помощью lipsid-признаков	Карпов Алексей Анатольевич
14074965	True	14.22.00	2.3.6	Анализ рисков нарушения информационной безопасности в индустриальных автоматизированных информационных системах	Заколдаев Данил Анатольевич
1032079	True	02.22.00	1.2.2	Методы построения моделей демографических историй	Ульянцев Владимир Игоревич
431099	True	09.19.00	05.18.07	Разработка технологии функционального напитка адаптогенного действия для восстановления организма после алкогольной интоксикации	Баракова Надежда Васильевна
739787	True	11.22.00	2.2.8	Разработка методики акустико-эмиссионного контроля металлических изделий аддитивного производства	Кинжагулов Игорь Юрьевич
125370	True	05.19.00	01.04.05	Оптические волны в неэрмитовых системах с антилинейными симметриями	Жаров Александр Александрович
915916	True	09.22.00	4.3.3	Ресурсосберегающая технология обезжиренного йогурта, обогащенного биологически активными веществами финиковых косточек в инкапсулированной форме	Надточий Людмила Анатольевна
129488	True	01.18.00	05.13.15	Методы и алгоритмы автоматического масштабирования облачных систем с нестационарной нагрузкой	Алиев Тауфик Измайлович
475021	True	04.19.00	2.3.5	Система управления базами знаний для управления процессами интеллектуального анализа данных	Жукова Наталия Александровна
240850	True	08.19.00	01.04.14	Исследование теплофизических свойств фруктов юго-восточной азии	Баранов Игорь Владимирович
125706	True	02.18.00	05.13.19	Методы повышения безопасности комбинированных схем аутентификации	Коробейников Анатолий Григорьевич
745450	True	06.22.00	2.2.4	Волоконно-оптические датчики физических величин на базе специальных структур волоконных брэгговских решеток, работающие на основе измерения мощности отраженного оптического сигнала	Варжель Сергей Владимирович
211340	True	08.19.00	01.04.14	Исследование переноса теплоты в устройстве для общего криотерапевтического воздействия	Баранов Александр Юрьевич
1126722	True	09.22.00	4.3.3	Совершенствование технологии производства мясных и рыбных колбасных изделий, обогащенных омега-3 полиненасыщенными жирными кислотами и пробиотиками	Волченко Василий Игоревич
1029027	True	07.22.00	1.3.19	Генераторы случайных чисел на основе низкоразмерных полупроводниковых гетероструктур	Ковалев Антон Владимирович
428667	True	05.19.00	1.3.6	Исследование энергетической структуры углеродных наночастиц в растворах и твердотельных матрицах	Ушакова Елена Владимировна
229185	True	05.19.00	01.04.05	Исследование оптических свойств малоатомных металлических кластеров и плазмонных наночастиц в тонких диэлектрических пленках	Вартанян Тигран Арменакович
1032577	True	06.22.00	2.2.6	Разработка зеркального модуля интегрального поля для астрономических спектрометров	Бахолдин Алексей Валентинович
10316201	True	08.22.00	1.3.14	Исследование теплофизических процессов в двумерных наноматериалах на основе висмута и сурьмы при воздействии терагерцового излучения	Новотельнова Анна Владимировна
56152	True	02.18.00	05.13.19	Методы и комплекс программных средств детектирования атак с целью взлома голосовых биометрических систем	Матвеев Юрий Николаевич
42099015	True	13.22.00	5.2.3	Методика управления цифровыми инновациями в организации на основе процессного подхода	Силкина Галина Юрьевна
641816	True	02.18.00	05.13.19	Методы и алгоритмы построения устойчивых распределенных реестров с использованием многомерного блокчейна	Заколдаев Данил Анатольевич
128647	True	05.19.00	01.04.05	Устойчивость квантовых систем передачи информации на боковых частотах к воздействию нелегитимного пользователя на измерительное оборудование	Глейм Артур Викторович
129175	True	02.18.00	05.13.17	Метод и алгоритмы создания онтологий на основе анализа метаданных и контекста слабоструктурированного контента	Муромцев Дмитрий Ильич
728686	True	07.22.00	1.3.11	Формирование и исследование свойств iii-n квазиодномерных кристаллов и создание оптоэлектронных приборов на их основе	Сошников Илья Петрович
211796	True	02.18.00	05.13.17	Методы и алгоритмы штрихового кодирования для задач лицевой биометрии	Кухарев Георгий Александрович
1025520	True	03.22.00	2.3.1	Робастное управление ограниченными по входу динамическими системами с неопределенностями	Борисов Олег Игоревич
139268	True	05.19.00	01.04.05	Трехмерные нелинейно-оптические структуры с фазовой квазисинхронизацией: теоретический анализ, синтез материала и методы изготовления на полимерной основе	Денисюк Игорь Юрьевич
10315229	True	15.24.00	2.2.7	Исследование фотокаталитических и структурных свойств композитов на основе оксида цинка, модифицированных диоксидом олова и оксидом железа	Мешковский Игорь Касьянович
1021205	True	06.22.00	2.2.4	Разработка и исследование метода измерения характеристик потока газожидкостной смеси на основе волоконных дифракционных структур и волоконного нагревательного элемента	Варжель Сергей Владимирович
56153	True	02.18.00	05.13.17	Методы приобретения и формализации эмпирических знаний по данным медицинских информационных систем в задачах повышения качества лечения кардиологических пациентов	Ковальчук Сергей Валерьевич
244635	True	08.19.00	05.04.03	Оптимизация технических решений систем кондиционирования воздуха общественных зданий	Цыганков Александр Васильевич
644047	True	10.19.00	05.17.06	Разработка нановолокнистых композиционных материалов на основе поливинилхлорида методом электроформования	Олехнович Роман Олегович
738324	True	12.22.00	1.4.4	Межмолекулярные взаимодействия противоположно и одноименно заряженных полиэлектролитных комплексов в «умных» гибридных системах	Скорб Екатерина Владимировна
475955	True	06.19.00	05.11.01	Влияние задержки детектирования теплового воздействия на компенсацию дрейфа фазы саньяка в волоконно-оптическом гироскопе	Дейнека Иван Геннадьевич
1027832	True	02.22.00	1.2.1	Методы машинного обучения для сквозных систем автоматического распознавания речи	Романенко Алексей Николаевич
128962	True	02.18.00	05.13.17	Система автоматического выбора и оценки алгоритмов кластеризации и их параметров	Фильченков Андрей Александрович
361613	True	05.19.00	01.04.05	Конфигурирование индикатрисы рассеяния наноструктур, поддерживающих возбуждение мультипольных моментов высоких порядков	Шалин Александр Сергеевич
741805	True	05.22.00	1.3.6	Влияние внешнего окружения на оптические свойства квантовых точек трехкомпонентных полупроводниковых соединений i-iii-vi	Баранов Александр Васильевич
475717	True	02.18.00	05.13.17	Автоматическое распознавание эмоциональных состояний дикторов по голосовым характеристикам и тональности текста высказывания	Карпов Алексей Анатольевич
596524	True	07.19.00	1.3.8	Создание и исследование сверхкомпактных источников оптического излучения на основе туннельного контакта с локализованной оптической наноантенной	Мухин Иван Сергеевич
224328	True	06.19.00	05.11.07	Исследование способов совершенствования точностных характеристик волоконно-оптической гидроакустической буксируемой косы для морских геофизических исследований	Алейник Артем Сергеевич
470701	True	01.18.00	05.13.15	Архитектура и организация граничных вычислений для виртуального кластера на основе компьютеров с ограниченными вычислительными ресурсами	Муромцев Дмитрий Ильич
240099	True	01.18.00	05.13.15	Архитектура и методы вычислений для распределенной сверточной нейронной сети на кластере компьютеров с ограниченными вычислительными ресурсами	Муромцев Дмитрий Ильич
1017561	True	05.22.00	1.3.4	Распространяющиеся и локализованные состояния электромагнитных волн в средах из проводов	Белов Павел Александрович
246067	True	04.19.00	05.13.10	Интеллектуальные методы анализа и синтеза организационных структур для цифровой трансформации процессов разведки и разработки нефтегазовых месторождений	Бухановский Александр Валерьевич
1036899	True	06.22.00	2.2.6	Метод лазерно-индуцированной микроплазмы при создании волоконного интерферометра маха-цендера для сенсорных применений	Петров Андрей Анатольевич
125582	True	05.19.00	01.04.05	Резонансное взаимодействие квазилинейных волн с солитонами в нелинейных световодах	Розанов Николай Николаевич
707610	True	08.22.00	2.4.8	Анализ работы энергетической системы на базе абсорбционной бромистолитиевой холодильной машины и парогазовой установки	Галимова Лариса Васильевна
14074722	True	09.22.00	4.3.3	Разработка технологии функционального пищевого продукта профилактической направленности с использованием биологически активных веществ растений семейства крестоцветные (cruciferae)	Бараненко Денис Александрович
224795	True	08.19.00	05.04.03	Анализ энергетической эффективности систем утилизации теплоты вытяжного воздуха активного типа	Сулин Александр Борисович
234139	True	06.19.00	05.11.07	Разработка беспроводной оптико-электронной системы односторонней передачи информационных сообщений с использованием светодиодов	Бугров Владислав Евгеньевич
10318514	True	14.22.00	2.3.6	Модели и методы обеспечения информационной безопасности в системе прослеживаемости товаров на основе технологии распределённого реестра	Комаров Игорь Иванович
127097	True	07.19.00	05.27.03	Одночастотный арочный квантово-каскадный лазер диапазона 7-8 мкм на основе гетероструктур, изготовленных методом молекулярно-пучковой эпитаксии	Егоров Антон Юрьевич
750831	True	02.22.00	1.2.1	Разработка средств визуального программирования для моделей машинного обучения на основе двудольного представления графа потоков данных	Иванов Сергей Владимирович
1028186	True	05.22.00	1.3.6	Режимы связи оптических мод в диэлектрических резонаторах	Рыбин Михаил Валерьевич
10317432	True	03.22.00	2.3.1	Синтез законов адаптивного управления для линейных нестационарных систем с неопределенностями	Пыркин Антон Александрович
922482	True	10.22.00	1.4.7	Моделирование разветвленных пептидных молекул с гидрофобными фрагментами для доставки биоактивных олигопептидов	Неелов Игорь Михайлович
737919	True	09.22.00	2.7.1	Разработка технологии ферментированного напитка с пробиотическими свойствами из гречневой муки	Гунькова Полина Исаевна
1033486	True	10.22.00	2.6.11	Исследование полимерных нановолокон с нанокристаллами перовскита, полученных методом электроформования	Олехнович Роман Олегович
1034488	True	02.22.00	1.2.2	Математическое моделирование физико-химических процессов на основе метрических графов	Попов Игорь Юрьевич
1034868	True	02.22.00	1.2.1	Математическое и программное обеспечения обучения и оценки рекомендательных систем на основе синтетических данных	Бухановский Александр Валерьевич
571760	True	02.18.00	05.13.17	Синтез изображений лиц на основе генеративных методов машинного обучения с применением к распознаванию лиц	Матвеев Юрий Николаевич
231013	True	09.19.00	05.18.07	Разработка  состава и технологии низколактозного высобелкового замороженного десерта на козьем молоке	Арсеньева Тамара Павловна
132011	True	05.19.00	01.04.05	Особенности распространения электромагнитных волн в искусственных резонансных средах на основе графена в терагерцовом диапазоне частот	Ходзицкий Михаил -
757541	True	05.22.00	1.3.6	Исключительные точки в высокодобротных резонаторах с керровской нелинейностью	Богданов Андрей Андреевич
128459	True	06.19.00	05.11.07	Разработка блока лазерного излучателя для аддитивных технологий на основе лазерных диодов непрерывного режима генерации	Бугров Владислав Евгеньевич
730485	True	05.22.00	1.3.6	Нелинейная генерация излучения из диэлектрических наночастиц и наноструктур	Петров Михаил Игоревич
1020127	True	01.22.00	2.3.2	Модели и методы обеспечения отказоустойчивости компьютерных систем бизнес-аналитики	Богатырев Владимир Анатольевич
470608	True	06.19.00	05.11.07	Разработка и исследование высокомощных волоконных импульсных лазеров на основе активных волокон с двойной оболочкой и с переменным диаметром сердцевины	Одноблюдов Максим Анатольевич
10320335	True	07.22.00	1.3.8	Взаимодействие света с веществом в нанофотонных волноводах на основе новых функциональных материалов	Кравцов Василий Андреевич
749244	True	04.22.00	2.3.8	Метод графовой кластеризации для совместного анализа данных генотипирования и экспрессии генов	Сергушичев Алексей Александрович
1018853	True	07.22.00	1.3.11	Разработка и исследование гибридных оптоэлектронных структур на основе перовскитов галогенидных соединений, полимерных и полупроводниковых материалов	Мухин Иван Сергеевич
726773	True	01.22.00	2.3.2	Разработка и исследование методов синтеза таблиц расписаний для сетей авионики с временным мультиплексированием	Жаринов Игорь Олегович
14077302	True	14.22.00	2.3.6	Методы мониторинга шифрованного трафика в ip-­сетях на основе анализа цифровых отпечатков  протоколов	Комаров Игорь Иванович
10320979	True	04.22.00	2.3.8	Многомодальный контекстный анализ динамики аффективных состояний в коллаборативных группах пользователей	Карпов Алексей Анатольевич
14077317	True	09.22.00	4.3.3	Разработка системного подхода к прогнозированию качества очистки сточных вод пищевых производств	Сергиенко Ольга Ивановна
454862	True	03.19.00	2.3.1	Метод синтеза адаптивных наблюдателей для нестационарных систем с полиномиальными параметрами	Пыркин Антон Александрович
10306323	True	15.24.00	1.3.6	Внутрирезонаторные голографические решётки и импульсные лазеры с управляемым спектром на их основе	Петров Виктор Михайлович
63419	True	01.18.00	05.13.12	Методы и средства автоматизированного синтеза вычислителей на основе микроархитектурных программируемых генераторов аппаратуры	Кустарев Павел Валерьевич
468855	True	06.19.00	05.11.07	Разработка компактных светосильных зеркальных систем высокого пространственного разрешения для аппаратуры дистанционного зондирования земли	Романова Галина Эдуардовна
236642	True	04.19.00	05.13.18	Многомасштабное моделирование и прогнозирование информационных процессов в цифровых социальных системах	Боченина Клавдия Олеговна
56154	True	02.18.00	05.13.17	Адаптивные методы и технологии контроля качества гидрометеорологической информации на основе гибридных данных	Бухановский Александр Валерьевич
14075394	True	03.22.00	2.3.1	Асимптотическое оценивание параметров линейной регрессии при условии интервального возбуждения	Бобцов Алексей Алексеевич
461441	True	08.19.00	05.04.03	Совершенствование рабочих органов винтового однороторного компрессора	Пронин Владимир Александрович
226430	True	05.19.00	01.04.05	Временная динамика и спектральные свойства одиночных квантовых излучателей и их ансамблей, находящихся вблизи нанофотонных интерфейсов, с учетом хиральности взаимодействия	Петров Михаил Игоревич
754054	True	04.22.00	2.3.8	Автоматическая оценка качества речевых сигналов для систем голосовой биометрии и антиспуфинга	Новоселов Сергей Александрович
568303	True	07.19.00	1.3.19	Лазерная термохимическая запись на тонких металлических пленках с высокой разрешающей способностью	Шахно Елена Аркадьевна
125754	True	05.19.00	01.04.05	Управление излучением и рассеянием света при помощи плазмонных наноструктур	Шалин Александр Сергеевич
233148	True	03.19.00	05.02.05	Повышение эффективности мехатронных пьезоэлектрических модулей оптоэлектронных систем	Быстров Сергей Владимирович
480474	True	07.19.00	1.3.8	Модификация вероятности спонтанной эмиссии в плазмонных, органических и полупроводниковых наноструктурах	Калитеевский Михаил Алексеевич
1026102	True	01.22.00	2.3.2	Методы обеспечения надежности и энергосбережения в многопутевых программно-реконфигурируемых сетях	Богатырев Владимир Анатольевич
131872	True	04.19.00	05.13.10	Математическое обеспечение управления коллаборативными процессами индустрии путешествий на основе данных социальных медиа	Бухановский Александр Валерьевич
655556	True	07.19.00	1.3.8	Интеркаляционные системы на основе графена и магнитных металлов: синтез, электронное строение и магнитные свойства	Брунков Павел Николаевич
459427	True	07.19.00	1.3.11	Рекомбинационные процессы в светодиодных структурах среднего инфракрасного диапазона	Мынбаев Карим Джафарович
1025524	True	14.22.00	2.3.6	Методы выявления сложных атак на основании данных систем обнаружения вторжений	Волошина Наталия Викторовна
749581	True	07.22.00	1.3.19	Исследование процессов лазерной микропорации и доставки фотодинамических препаратов под ногтевую пластину	Беликов Андрей Вячеславович
1020997	True	07.22.00	1.3.11	Оптоэлектронные свойства слоев одностенных углеродных нанотрубок и методы создания прозрачных текстурированных электродов на их основе	Мишин Максим Валерьевич
1013939	True	07.22.00	1.3.8	Метод получения, структура и фотокаталитические свойства нано- и микрообъектов zno	Романов Алексей Евгеньевич
127889	True	02.18.00	05.13.19	Методы обнаружения и противодействия автоматизированному сбору информации с веб-ресурсов	Гатчин Юрий Арменакович
735917	True	05.22.00	1.3.6	Метод лазерно-индуцированной микроплазмы для формирования оптических элементов	Сергеев Максим Михайлович
231035	True	02.18.00	05.13.17	Построение полярных подкодов и упрощённые методы их кодирования и декодирования	Трифонов Пётр Владимирович
1032670	True	06.22.00	2.2.6	Исследование оптико-электронного преобразователя гамма-излучения	Коротаев Валерий Викторович
18757202	True	03.22.00	2.3.1	Алгоритмы траекторного согласованного управления по выходу для класса нелинейных систем	Пыркин Антон Александрович
468776	True	09.19.00	05.18.07	Разработка технологии органических солей кальция из вторичного сырья гидробионтов для обогащения продуктов питания	Овсюк Елена Алексеевна
475370	True	03.19.00	2.3.1	Адаптивные наблюдатели линейных нестационарных систем в условиях неизмеряемых возмущений	Шаветов Сергей Васильевич
178329	True	04.19.00	05.13.18	Методы и технологии локальной динамической настройки гидрометеорологических моделей на основе данных натурного эксперимента в условиях неопределенности	Бухановский Александр Валерьевич
10311169	True	11.22.00	2.2.9	Метод операционного контроля режущего инструмента и обрабатываемых заготовок в условиях гибких производственных систем	Андреев Юрий Сергеевич
689308	True	05.19.00	1.3.6	Оптические и фотофизические свойства биосовместимых гибридных структур на основе тетрапиррольных соединений и квантовых точек, пассивированных хитозаном	Орлова Анна Олеговна
49117268		02.22.00	1.2.1	Методы и средства распознавания языка жестов для людей с нарушениями слуха	Бессмертный Игорь Александрович
10315520	True	15.24.00	1.3.6	Наноразмерные системы на основе полистирола и диоксида титана для задач оптического биосенсинга и фотокатализа	Зуев Дмитрий Александрович
473321	True	07.19.00	1.3.19	Исследование роли накопленного тепла при многоимпульсном воздействии нано-, пико- и фемтосекундных лазерных импульсов на конденсированные среды и биологические ткани	Беликов Андрей Вячеславович
128965	True	02.18.00	05.13.17	Синтез речи на основе глубокого машинного обучения	Рыбин Сергей Витальевич
1029712	True	09.22.00	2.7.1	Разработка микробной закваски для хлебобулочных изделий с мукой из зерна гречихи, не обработанного гидротермически	Иванова Вера Анатольевна
10320303	True	07.22.00	1.3.19	Интегральные устройства генерации оптических частот	Викторов Евгений Анатольевич
536161	True	08.19.00	05.04.03	Энергоэффективные системы преобразования низкопотенциальной энергии криопродуктов	Довгялло Александр Иванович
467096	True	07.19.00	1.3.8	Резонансные полупроводниковые наноструктуры для увеличения эффективности перовскитных солнечных элементов	Макаров Сергей Владимирович
238704	True	05.19.00	01.04.05	Спектроскопия усиленного и термочувствительного комбинационного рассеяния оптически резонансных полупроводниковых наночастиц	Макаров Сергей Владимирович
127934	True	10.19.00	02.00.06	Исследование поведения лизиновых дендримеров в растворе методом молекулярной динамики	Неелов Игорь Михайлович
1135625	True	07.22.00	1.3.8	Влияние плазмонных элементов на теплопроводность и оптические свойства фотонных наноструктур	Максимов Михаил Викторович
749298	True	12.22.00	1.4.1	Синтез анизотропных наночастиц магнетита и их конденсация в иерархически структурированные материалы для биомедицинского применения	Виноградов Владимир Валентинович
49163762		03.22.00	2.3.1	Адаптивное компенсационное управление для механических систем с нелинейными моделями возмущений	Пыркин Антон Александрович
749242	True	04.22.00	2.3.4	Автоматизированное управление искусственным освещением в системах организации труда пользователей компьютерных систем	Басов Олег Олегович
129123	True	04.19.00	05.13.10	Методы интеллектуальной поддержки принятия клинических решений на основе конечных автоматов	Гусарова Наталия Федоровна
18757052	True	07.22.00	1.3.8	Влияние легирования алюминием и хромом на физические характеристики монокристаллов beta-ga2o3	Романов Алексей Евгеньевич
227366	True	05.19.00	01.04.05	Дисперсионные и поляризационные особенности поверхностных электромагнитных волн на резонансных анизотропных метаповерхностях	Богданов Андрей Андреевич
1032926	True	02.22.00	1.2.1	Методы выбора моделей машинного обучения для систем искусственного интеллекта в условиях малых выборок	Гусарова Наталия Федоровна
1024457	True	01.22.00	2.3.2	Модели, методы и средства исследования нестационарных нагрузочных процессов в эластичных вычислительных системах	Алиев Тауфик Измайлович
49067739	True	13.22.00	5.2.3	Модели и инструменты цифровой трансформации медиакомпаний россии	Силакова Любовь Владимировна
236770	True	03.19.00	05.13.01	Алгоритмы прямого адаптивного воспроизведения мультисинусоидальных задающих воздействий в системах с запаздыванием	Герасимов Дмитрий Николаевич
49108005	True	14.22.00	2.3.6	Обнаружение вторжений на основе многозадачного глубокого обучения для сетей интернета вещей	Котенко Игорь Витальевич
747187	True	09.22.00	2.7.1	Научное обоснование применения гидратированных порошков моркови и свеклы в технологии бараночных изделий	Баракова Надежда Васильевна
10320405	True	07.22.00	1.3.8	Лазерная абляция гибридных материалов для контролируемого создания наноразмерных источников света и оптических сенсоров	Миличко Валентин Андреевич
1031527	True	03.22.00	2.3.1	Разработка адаптивных наблюдателей переменных состояния с улучшенной точностью сходимости при наличии возмущений в измерениях выходного сигнала	Бобцов Алексей Алексеевич
1033007	True	02.22.00	1.2.1	Оценка и повышение предсказуемости временных рядов сложной природы методами машинного обучения	Бухановский Александр Валерьевич
573091	True	09.19.00	05.18.12	Исследование процессов жарки картофеля «фри» и совершенствование устройства для определения цветовых характеристик фритюрного масла и готового продукта	Алексеев Геннадий Валентинович
129153	True	02.18.00	05.13.17	Гетерогенное распознавание лиц по эскизам лица	Карпов Алексей Анатольевич
10318512	True	10.22.00	1.4.7	Формирование структур (био)полиэлектролитных комплексов между хитозаном и желатином	Подшивалов Александр Валерьевич
231201	True	09.19.00	05.18.07	Разработка состава и технологии ферментированного продукта с онкопротекторными свойствами	Забодалова Людмила Александровна
42119591	True	08.22.00	1.3.14	Исследование процессов теплообмена в тепловом коллекторе двойного действия	Никитин Андрей Алексеевич
644045	True	10.19.00	05.17.06	Композитные полиуретан-эпоксидные материалы для защитных покрытий	Зуев Вячеслав Викторович
123748	True	03.19.00	05.13.01	Управление нелинейными и многоканальными системами на базе метода бэкстеппинга и метода вспомогательного контура	Фуртат Игорь Борисович
743431	True	07.22.00	1.3.8	Структуры оксида галлия, полученные методами золь-гель синтеза и объемного роста способом вытягивания из расплава	Романов Алексей Евгеньевич
233146	True	01.18.00	05.13.15	Разработка методов и средств защищенного сбора данных окружений интернета вещей (ив)	Жукова Наталия Александровна
690185	True	05.19.00	1.3.6	Неэрмитовы интерференционные эффекты при рассеянии света высокоиндексными полупроводниковыми наночастицами	Богданов Андрей Андреевич
244189	True	07.19.00	01.04.21	Эффекты гистерезиса, рефрактерности и генерация моноимпульсов в полупроводниковых лазерах на квантовых точках с оптической инжекцией	Викторов Евгений Анатольевич
1036376	True	02.22.00	1.2.1	Методы и алгоритмы интеллектуального анализа медицинских текстов на арабском языке	Гусарова Наталия Федоровна
473969	True	05.19.00	1.3.6	Влияние хроматической дисперсии и нелинейных эффектов на квантовое распределение ключа на боковых частотах в оптической транспортной сети	Егоров Владимир Ильич
475994	True	06.19.00	05.11.01	Методы снижения виброакустических шумов волоконно-оптических интерферометрических гидроакустических преобразователей	Куликов Андрей Владимирович
10313777	True	15.24.00	1.3.6	Биосенсоры на основе нанофотонных материалов для детектирования межмолекулярных взаимодействий и изменений температуры	Зюзин Михаил Валерьевич
716823	True	12.22.00	1.4.4	Разработка дырочно-транспортных материалов для перовскитных солнечных батарей	Стевенсон Кит Джон
11538934	True	04.22.00	2.3.8	Многомодальная мягкая биометрия в условиях частичного перекрытия лица	Карпов Алексей Анатольевич
911530	True	10.22.00	1.4.7	Нетканые материалы на основе поливинилового спирта и хитозана в качестве носителей мангиферина	Успенская Майя Валерьевна
715667	True	05.22.00	1.3.6	Диссипативные автоструктуры в оптических системах с внутренними резонансами	Юлин Алексей Викторович
18760911	True	08.22.00	1.3.14	Исследование теплопроводности многокомпонентных полимер-композиционных материалов	Заричняк Юрий Петрович
1019282	True	08.22.00	1.3.14	Исследование процессов переносов массы и энергии при высокотемпературном синтезе многокомпонентных магнитных и термоэлектрических материалов	Новотельнова Анна Владимировна
701944	True	09.22.00	2.7.1	Использование биопотенциала дрожжей и новых марок силикагеля в технологии коллоидной стабилизации пива	Меледина Татьяна Викторовна
1021348	True	13.22.00	5.2.3	Стимулирование инновационной активности высокотехнологичных предприятий китайской народной республики на основе развития интеллектуального капитала	Максимова Татьяна Геннадьевна
10309471	True	15.24.00	1.3.6	Нелинейный оптический отклик и перенос экситонов в низкоразмерных полупроводниковых структурах	Шелых Иван Андреевич
1193939	True	06.22.00	2.2.6	Исследование многокоординатных оптико-электронных автоколлимационных систем измерения параметров пространственного перемещения объекта	Коняхин Игорь Алексеевич
701684	True	08.22.00	1.3.14	Развитие методов измерения теплофизических свойств тонких и тонкопленочных образцов термоэлектрических материалов	Новотельнова Анна Владимировна
919181	True	13.22.00	5.2.3	Формирование инновационных экосистем как перспективное направление инновационной деятельности хозяйствующих субъектов	Будрин Александр Германович
605369	True	08.19.00	05.04.03	Энергоэффективность систем кондиционирования воздуха помещений на базе радиационного охлаждения	Волкова Ольга Владимировна
224736	True	02.18.00	05.13.19	"Методы и алгоритмы защиты от распределенных сетевых атак типа ""отказ в обслуживании"""	Заколдаев Данил Анатольевич
55638	True	02.18.00	05.13.17	Методы и алгоритмы взаимной реконструкции лицевых и голосовых данных	Кухарев Георгий Александрович
753324	True	05.22.00	1.3.6	Влияние дегидратации биологических тканей на изменение их оптических свойств в терагерцовом диапазоне частот	Смолянская Ольга Алексеевна
738218	True	09.22.00	2.7.1	Разработка технологии получения низкомолекулярного хондроитин-коллагенового гидролизата и гранулированного минерального преципитата из вторичного рыбного сырья	Куприна Елена Эдуардовна
18760005	True	02.22.00	1.2.1	Композитные методы автоматического машинного обучения для моделей временных рядов	Бухановский Александр Валерьевич
476938	True	03.19.00	2.3.1	Алгоритмы следящего управления нелинейными системами с адаптивной настройкой задающих воздействий	Громов Владислав Сергеевич
18757088	True	13.22.00	5.2.3	Совершенствование управления инновационными проектами наукоемких организаций	Сергеева Ирина Григорьевна
1018044	True	05.22.00	1.3.6	Композитные оптические материалы на основе самособирающихся структур для реализации процессов поверхностно усиленного рамановского рассеяния	Богданов Кирилл Вадимович
1032422	True	14.22.00	2.3.6	Модели и методы использования технологии блокчейн в корпоративных и промышленных сетях на базе облачных и туманных вычислений	Беззатеев Сергей Валентинович
246869	True	02.18.00	05.13.17	Модели и методы автоматического распознавания элементов русского жестового языка для человеко-машинного взаимодействия	Карпов Алексей Анатольевич
129234	True	03.19.00	05.13.01	Методики идентификации и анализа математических моделей при синтезе цифровых систем управления прецизионных электроприводов	Ловлин Сергей Юрьевич
740998	True	09.22.00	4.3.3	Разработка экспресс-метода оценки качества зерна с применением машинного зрения и цифровой обработки изображений	Чертов Александр Николаевич
1032959	True	12.22.00	1.4.4	Синтез и физико-химические свойства вертикально ориентированных графеновых слоёв	Булушева Любовь Геннадиевна
748766	True	07.22.00	1.3.8	Особенности механического и магнитоупругого взаимодействия в ni-mn-ga ферромагнетиках с памятью формы на частоте около 100 кгц	Романов Алексей Евгеньевич
1015318	True	09.22.00	2.7.1	Биотехнология напитков на основе козьего молока для людей с непереносимостью лактозы	Арсеньева Тамара Павловна
224543	True	10.19.00	05.17.06	Получение съедобных пленок и покрытий на основе биополимерной матрицы крахмал/желатин	Успенская Майя Валерьевна
507309	True	06.19.00	05.11.07	Оптико-электронная мультиматричная система измерения перемещений элементов многосекционных зеркал радиотелескопов	Коняхин Игорь Алексеевич
480479	True	07.19.00	1.3.11	Изготовление и исследование гибридных металл-диэлектрических наноструктур с органическими светоизлучающими слоями	Калитеевский Михаил Алексеевич
49165333		13.22.00	5.2.3	Совершенствование инновационной политики арабских стран в условиях цифровой трансформации экономики	Максимова Татьяна Геннадьевна
245542	True	04.19.00	05.13.10	Методы и алгоритмы обработки мультимодальных медицинских данных на основе переноса знаний в системах поддержки принятия клинических решений	Гусарова Наталия Федоровна
1031578	True	06.22.00	2.2.6	Исследование и разработка методики определения волнового фронта для контроля качества телескопа по пятну рассеяния	Иванова Татьяна Владимировна
1015571	True	05.22.00	1.3.6	Управление скоростью и интенсивностью излучательной рекомбинации в структурах на основе галогенидных перовскитов	Макаров Сергей Владимирович
224739	True	02.18.00	05.13.19	Методы и алгоритмы оценки защищенности встроенного программного обеспечения на основе нечеткой логики	Заколдаев Данил Анатольевич
1037671	True	02.22.00	1.2.1	Методы и алгоритмы идентификации по данным физически обоснованных моделей в форме дифференциальных уравнений	Хватов Александр Александрович
128958	True	05.19.00	01.04.05	Терагерцовая когерентная спектроскопия и ближнепольная микроскопия полупроводников и полупроводниковых структур	Козлов Сергей Аркадьевич
14076940	True	13.22.00	5.2.3	Критерии и факторы успешности инновационных предпринимательских проектов организаций высшего образования	Сергеева Ирина Григорьевна
476350	True	09.19.00	05.18.12	Повышение эффективности шнекового измельчительно-режущего оборудования путем совершенствования конструктивно-технологических параметров	Пеленко Валерий Викторович
10318767	True	12.22.00	1.4.4	Исследование формирования металлических и металлоидных структур на границе раздела фаз жидкий металл (ga, gain) - растворы солей	Виноградов Владимир Валентинович
231510	True	04.19.00	05.13.11	Автоматическое распознавание аудиовизуальной русской речи	Карпов Алексей Анатольевич
216839	True	04.19.00	05.13.11	Робастное распознавание речи для низко-ресурсных языков	Матвеев Юрий Николаевич
734092	True	13.22.00	5.2.3	Совершенствование управления инновационной деятельностью в университетах вьетнама на основе развития взаимодействия вузов и бизнеса	Павлова Елена Александровна
740464	True	05.22.00	1.3.6	Диэлектрические и плазмонные резонансные наноантенны для управления характеристиками оптических генераторов	Богданов Андрей Андреевич
465503	True	09.19.00	05.18.07	Разработка иммуноферментной тест-системы для контроля содержания глютена в пищевой продукции	Бараненко Денис Александрович
14075095	True	04.22.00	2.3.4	Модели и алгоритмы эмоциональной целевой маршрутизации в системах обслуживания населения	Копаница Георгий Дмитриевич
739128	True	07.22.00	1.3.8	Оптическая спектроскопия периодических планарных структур на основе материалов с фазовой памятью	Синев Иван Сергеевич
1018550	True	01.22.00	2.3.7	Методы статистического моделирования и оптимизации проектных решений высоконадежных распределенных управляющих систем	Богатырев Владимир Анатольевич
465621	True	01.18.00	05.13.15	Методы и протоколы обеспечения надежности и своевременности передач на основе репликации пакетов на транспортном уровне компьютерных сетей	Богатырев Владимир Анатольевич
231501	True	06.19.00	05.11.07	Оптимизация пространственного распределения светового потока оптических систем для фракционной и фотодинамической терапии	Беликов Андрей Вячеславович
1025618	True	05.22.00	1.3.6	Методика реставрационной лазерной очистки корродированных металлических поверхностей предметов культурного наследия	Никоноров Николай Валентинович
18760813	True	04.22.00	2.3.4	Технология цифрового профилирования сотрудников в задаче оценивания кадровых рисков на основе несоответствия вербальных и невербальных признаков	Бухановский Александр Валерьевич
1230171	True	09.22.00	4.3.3	Исследование процесса получения экстрактов из растительного сырья с целью использования в производстве полутвердых сыров	Сучкова Елена Павловна
466590	True	12.21.00	1.4.4	Синтез и физико-химические закономерности формирования материалов на основе склеропротеинов и полисахаридов	Гапоник Николай Павлович
702450	True	14.22.00	2.3.6	Разработка модели и методов аутентификации в группировке беспилотных воздушных судов	Комаров Игорь Иванович
224465	True	06.19.00	05.11.07	Исследование кодирующей апертуры и оптико-электронной системы для визуализации источников оптического и ионизирующего излучения	Рыжова Виктория Александровна
604700	True	08.19.00	05.04.03	Повышение эффективности работы винтового однороторного компрессора путем оптимизации зазоров в его рабочей части	Пронин Владимир Александрович
11936028	True	11.22.00	2.2.8	Автоматизация технологии ультразвукового контроля паяных соединений элементов теплообменных аппаратов	Кинжагулов Игорь Юрьевич
745030	True	06.22.00	2.2.4	Применение методов роевого интеллекта для компенсации воздействия внешних факторов на показания волоконно-оптического гироскопа с учётом градиента температуры в чувствительном элементе	Дейнека Иван Геннадьевич
49164420		00.00.00	05.13.17	Диссертация тестовая очередная	Костюк Василина Алексеевна
145704	True	02.18.00	05.13.17	Метод и алгоритмы выделения частоты пульса из речевого сигнала в условиях отсутствия априорной информации о дикторе	Басов Олег Олегович
130827	True	02.18.00	05.13.17	Поисковые алгоритмы оптимизации с использованием операторов вариации с ограниченным числом аргументов и их сложностной  анализ	Буздалов Максим Викторович
466359	True	07.19.00	1.3.8	Управление экситонными и поляритонными оптическими резонансами в планарных структурах, интегрированных с двумерными полупроводниками	Самусев Антон Кириллович
129424	True	04.19.00	05.13.11	Методы, модели и программные средства представления текстовых документов с использованием квантовой теории вероятностей	Бессмертный Игорь Александрович
126852	True	05.19.00	01.04.05	Локализованные оптические состояния непрерывного спектра в одномерных и двумерных фотонных диэлектрических структурах	Богданов Андрей Андреевич
461879	True	08.19.00	05.04.03	Эффективные холодильные системы с использованием потенциала ночного радиационного охлаждения	Бараненко Александр Владимирович
1032964	True	05.22.00	1.3.6	Лазерное формирование периодических структур на поверхности металлов для записи защитных голограмм	Романова Галина Викторовна
721251	True	05.22.00	1.3.6	Волоконные световоды для оптических приборов и комплексов специального назначения	Никоноров Николай Валентинович
919301	True	03.22.00	2.3.1	Адаптивное оценивание нестационарных параметров с использованием метода внутренней модели	Власов Сергей Михайлович
49065968	True	03.22.00	2.3.1	Управление с гарантией нахождения входных и выходных сигналов объекта в заданных множествах	Фуртат Игорь Борисович
1023912	True	11.22.00	2.2.8	Совершенствование методов обработки сигналов потенциометрических мультисенсорных систем для аналитического контроля жидких сред	Кирсанов Дмитрий Олегович
14075937	True	15.24.00	2.2.7	Активированные редкоземельными ионами люминесцентные нанокристаллические порошки, синтезированные с использованием полимерных стабилизаторов, для применений в фотонике	Никоноров Николай Валентинович
759442	True	02.22.00	1.2.1	Дискретная оптимизация на основе управления ансамблем алгоритмов	Фильченков Андрей Александрович
966078	True	11.22.00	2.2.8	Усовершенствование средств контроля летучих органических соединений в атмосферном воздухе	Волкодаева Марина Владимировна
430752	True	02.18.00	05.13.19	Модель и методика количественной оценки удобства использования систем защиты информации от несанкционированного доступа в автоматизированных системах органов внутренних дел	Рогозин Евгений Алексеевич
1222262	True	09.22.00	2.7.1	Биотехнология ферментированного напитка на основе яблочного сока, обогащенного  нанокапсулами экстракта зеленого чая в пектине	Баракова Надежда Васильевна
1022734	True	05.22.00	1.3.6	Пространственная амплитудно-фазовая модуляция волнового фронта с использованием цифрового микрозеркального устройства в методах голографии	Петров Николай Владимирович
244787	True	06.19.00	05.11.07	Методы и средства лазерного управления локальными колориметрическими характеристиками поверхности титана	Вейко Вадим Павлович
998354	True	06.22.00	2.2.2	Исследование физических основ методов создания гетероструктур а3в5 с квантовыми точками ingaasp и упруго-компенсированными сверхрешетками ingaas/inalas для источников оптического излучения ближнего и среднего ик-диапазона	Егоров Антон Юрьевич
18759655	True	02.22.00	1.2.1	Методы оптимального транспорта на основе нейронных сетей для задач переноса стиля и предметной адаптации	Фильченков Андрей Александрович
176004	True	10.19.00	05.17.06	Полиуретановые покрытия на основе нанокомпозитов с аллотропными модификациями углерода	Зуев Вячеслав Викторович
430517	True	02.18.00	05.13.17	Алгоритмы выделения речи целевого диктора с использованием планарных компактных микрофонных решеток	Столбов Михаил Борисович
1030358	True	09.22.00	2.7.1	Технология функционального пищевого ингредиента с использованием полиненасыщенных жирных кислот и экстракта filipendula ulmaria	Бараненко Денис Александрович
698185	True	05.19.00	1.3.4	Анапольные состояния в структурах с высоким показателем преломления и их применения для систем беспроводной передачи энергии	Капитанова Полина Вячеславовна
225112	True	05.19.00	01.04.05	Особенности формирования голографических структур в материалах с массопереносом	Вениаминов Андрей Викторович
464452	True	07.19.00	1.3.19	Квантовая метрология на основе детектирования запутанных состояний туннельно-связанных светлых солитонов	Алоджанц Александр Павлович
